{"stats":{"minecraft:used":{"minecraft:creeper_spawn_egg":1,"minecraft:netherite_sword":1,"minecraft:lava_bucket":17,"minecraft:mangrove_door":4,"minecraft:grass_block":26,"minecraft:oak_button":2,"minecraft:stone":36,"minecraft:stripped_birch_wood":3,"minecraft:totem_of_undying":6,"minecraft:oak_door":4,"minecraft:splash_potion":1},"minecraft:picked_up":{"minecraft:stone":1,"minecraft:feather":4,"minecraft:chicken":7,"minecraft:leather":2,"minecraft:gunpowder":6,"minecraft:redstone":3,"minecraft:string":5,"minecraft:rotten_flesh":1,"minecraft:gold_nugget":1,"minecraft:beef":2,"minecraft:bone_meal":3,"minecraft:saddle":1,"minecraft:totem_of_undying":2,"minecraft:oak_button":64,"minecraft:mangrove_door":1,"minecraft:stripped_birch_wood":64,"minecraft:mutton":2,"minecraft:cod":8,"minecraft:white_wool":1},"minecraft:custom":{"minecraft:time_since_rest":1490,"minecraft:damage_absorbed":80,"minecraft:sprint_one_cm":36281,"minecraft:damage_taken":800001290,"minecraft:walk_one_cm":22732,"minecraft:mob_kills":80,"minecraft:damage_dealt":220,"minecraft:fly_one_cm":324592,"minecraft:crouch_one_cm":793,"minecraft:play_time":56617,"minecraft:deaths":12,"minecraft:sneak_time":955,"minecraft:jump":431,"minecraft:leave_game":5,"minecraft:walk_on_water_one_cm":138,"minecraft:time_since_death":1484,"minecraft:total_world_time":56617,"minecraft:damage_resisted":96,"minecraft:fall_one_cm":17209},"minecraft:mined":{"minecraft:tall_grass":1},"minecraft:killed":{"minecraft:sheep":8,"minecraft:skeleton":1,"minecraft:goat":4,"minecraft:zombie":9,"minecraft:pig":3,"minecraft:chicken":16,"minecraft:bat":8,"minecraft:glow_squid":7,"minecraft:cod":1,"minecraft:strider":11,"minecraft:creeper":7,"minecraft:squid":3,"minecraft:cow":2}},"DataVersion":3465}