{"stats":{"minecraft:used":{"minecraft:birch_door":1,"minecraft:creeper_spawn_egg":1,"minecraft:netherite_sword":1,"minecraft:lava_bucket":17,"minecraft:cherry_door":1,"minecraft:acacia_door":1,"minecraft:mangrove_door":4,"minecraft:grass_block":52,"minecraft:oak_button":2,"minecraft:stone":74,"minecraft:stripped_birch_wood":3,"minecraft:totem_of_undying":19,"minecraft:oak_door":4,"minecraft:crimson_door":1,"minecraft:warped_door":1,"minecraft:dark_oak_door":1,"minecraft:splash_potion":1},"minecraft:picked_up":{"minecraft:stone":1,"minecraft:feather":4,"minecraft:chicken":7,"minecraft:oak_door":64,"minecraft:leather":2,"minecraft:gunpowder":6,"minecraft:redstone":3,"minecraft:cherry_door":1,"minecraft:string":5,"minecraft:acacia_door":1,"minecraft:rotten_flesh":1,"minecraft:gold_nugget":1,"minecraft:beef":2,"minecraft:bone_meal":3,"minecraft:saddle":1,"minecraft:totem_of_undying":12,"minecraft:oak_button":64,"minecraft:mangrove_door":1,"minecraft:stripped_birch_wood":64,"minecraft:mutton":2,"minecraft:cod":8,"minecraft:white_wool":1,"minecraft:dark_oak_door":1},"minecraft:custom":{"minecraft:time_since_rest":6566,"minecraft:damage_absorbed":480,"minecraft:sprint_one_cm":47803,"minecraft:damage_taken":2147483647,"minecraft:walk_one_cm":36446,"minecraft:mob_kills":80,"minecraft:damage_dealt":220,"minecraft:fly_one_cm":376915,"minecraft:crouch_one_cm":819,"minecraft:play_time":68617,"minecraft:deaths":13,"minecraft:sneak_time":969,"minecraft:walk_under_water_one_cm":220,"minecraft:jump":552,"minecraft:leave_game":5,"minecraft:walk_on_water_one_cm":171,"minecraft:time_since_death":6560,"minecraft:total_world_time":68617,"minecraft:damage_resisted":96,"minecraft:fall_one_cm":17894},"minecraft:mined":{"minecraft:tall_grass":1},"minecraft:killed":{"minecraft:sheep":8,"minecraft:skeleton":1,"minecraft:goat":4,"minecraft:zombie":9,"minecraft:pig":3,"minecraft:chicken":16,"minecraft:bat":8,"minecraft:glow_squid":7,"minecraft:cod":1,"minecraft:strider":11,"minecraft:creeper":7,"minecraft:squid":3,"minecraft:cow":2}},"DataVersion":3465}