{"stats":{"minecraft:killed":{"minecraft:sheep":8,"minecraft:skeleton":1,"minecraft:trader_llama":2,"minecraft:goat":4,"minecraft:zombie":9,"minecraft:pig":3,"minecraft:chicken":16,"minecraft:bat":8,"minecraft:glow_squid":7,"minecraft:wandering_trader":1,"minecraft:cod":1,"minecraft:strider":11,"minecraft:creeper":7,"minecraft:squid":3,"minecraft:cow":2},"minecraft:used":{"minecraft:birch_door":1,"minecraft:netherite_sword":1,"minecraft:lava_bucket":17,"minecraft:acacia_door":1,"minecraft:mangrove_door":4,"minecraft:cherry_door":1,"minecraft:grass_block":52,"minecraft:oak_button":2,"minecraft:stone":77,"minecraft:stripped_birch_wood":3,"minecraft:totem_of_undying":19,"minecraft:oak_door":4,"minecraft:dirt":8,"minecraft:crimson_door":1,"minecraft:warped_door":1,"minecraft:splash_potion":1,"minecraft:dark_oak_door":1,"minecraft:creeper_spawn_egg":1},"minecraft:custom":{"minecraft:time_since_rest":24292,"minecraft:damage_absorbed":480,"minecraft:sprint_one_cm":61111,"minecraft:damage_taken":2147483647,"minecraft:walk_one_cm":40540,"minecraft:mob_kills":83,"minecraft:damage_dealt":1480,"minecraft:swim_one_cm":991,"minecraft:fly_one_cm":478569,"minecraft:crouch_one_cm":846,"minecraft:play_time":86343,"minecraft:deaths":13,"minecraft:sneak_time":1184,"minecraft:walk_under_water_one_cm":807,"minecraft:jump":722,"minecraft:leave_game":8,"minecraft:time_since_death":24286,"minecraft:walk_on_water_one_cm":2262,"minecraft:total_world_time":86343,"minecraft:damage_resisted":96,"minecraft:fall_one_cm":17894},"minecraft:picked_up":{"minecraft:dark_oak_door":1,"minecraft:stone":1,"minecraft:feather":4,"minecraft:chicken":7,"minecraft:oak_door":64,"minecraft:leather":4,"minecraft:lead":2,"minecraft:gunpowder":6,"minecraft:redstone":3,"minecraft:cherry_door":1,"minecraft:string":5,"minecraft:acacia_door":1,"minecraft:rotten_flesh":1,"minecraft:gold_nugget":1,"minecraft:beef":2,"minecraft:bone_meal":3,"minecraft:saddle":1,"minecraft:totem_of_undying":12,"minecraft:oak_button":64,"minecraft:mangrove_door":1,"minecraft:stripped_birch_wood":64,"minecraft:mutton":2,"minecraft:cod":8,"minecraft:white_wool":1},"minecraft:mined":{"minecraft:tall_grass":1}},"DataVersion":3465}