{"stats":{"minecraft:used":{"minecraft:oak_button":2,"minecraft:totem_of_undying":1,"minecraft:stripped_birch_wood":3,"minecraft:grass_block":26},"minecraft:custom":{"minecraft:jump":376,"minecraft:time_since_rest":1108,"minecraft:damage_dealt":20,"minecraft:damage_taken":200000924,"minecraft:crouch_one_cm":793,"minecraft:leave_game":4,"minecraft:play_time":42631,"minecraft:sprint_one_cm":30122,"minecraft:time_since_death":1101,"minecraft:walk_one_cm":10284,"minecraft:deaths":8,"minecraft:sneak_time":662,"minecraft:total_world_time":42631,"minecraft:fall_one_cm":17209,"minecraft:fly_one_cm":254641},"minecraft:picked_up":{"minecraft:oak_button":64,"minecraft:stripped_birch_wood":64},"minecraft:mined":{"minecraft:tall_grass":1}},"DataVersion":3465}