{"stats":{"minecraft:custom":{"minecraft:jump":375,"minecraft:time_since_rest":7074,"minecraft:damage_dealt":20,"minecraft:damage_taken":940,"minecraft:crouch_one_cm":793,"minecraft:leave_game":4,"minecraft:play_time":36787,"minecraft:sprint_one_cm":29574,"minecraft:time_since_death":7068,"minecraft:walk_one_cm":7617,"minecraft:deaths":7,"minecraft:sneak_time":630,"minecraft:total_world_time":36787,"minecraft:fall_one_cm":17209,"minecraft:fly_one_cm":247050},"minecraft:used":{"minecraft:oak_button":1,"minecraft:grass_block":26},"minecraft:mined":{"minecraft:tall_grass":1}},"DataVersion":3465}