{
  "minecraft:recipes/decorations/crafting_table": {
    "criteria": {
      "unlock_right_away": "2024-10-27 00:57:39 +0000"
    },
    "done": true
  },
  "minecraft:adventure/adventuring_time": {
    "criteria": {
      "minecraft:stony_shore": "2024-10-27 01:58:58 +0000",
      "minecraft:forest": "2024-10-27 00:57:40 +0000",
      "minecraft:savanna": "2024-10-27 01:53:03 +0000",
      "minecraft:plains": "2024-10-27 01:05:22 +0000"
    },
    "done": false
  },
  "minecraft:recipes/building_blocks/birch_planks": {
    "criteria": {
      "has_logs": "2024-10-27 02:46:18 +0000"
    },
    "done": true
  },
  "minecraft:recipes/misc/charcoal": {
    "criteria": {
      "has_log": "2024-10-27 02:46:18 +0000"
    },
    "done": true
  },
  "minecraft:adventure/totem_of_undying": {
    "criteria": {
      "used_totem": "2024-10-27 02:47:56 +0000"
    },
    "done": true
  },
  "DataVersion": 3465
}